-- MariaDB dump 10.17  Distrib 10.4.15-MariaDB, for Linux (x86_64)
-- 
-- Host: mysql.hostinger.ro    Database: u574849695_25
-- ------------------------------------------------------
-- Server version	10.4.15-MariaDB-cll-lve

/*!40101 SET @OLD_CHARACTER_SET_CLIENT=@@CHARACTER_SET_CLIENT */;
/*!40101 SET @OLD_CHARACTER_SET_RESULTS=@@CHARACTER_SET_RESULTS */;
/*!40101 SET @OLD_COLLATION_CONNECTION=@@COLLATION_CONNECTION */;
/*!40101 SET NAMES utf8mb4 */;
/*!40103 SET @OLD_TIME_ZONE=@@TIME_ZONE */;
/*!40103 SET TIME_ZONE='+00:00' */;
/*!40014 SET @OLD_UNIQUE_CHECKS=@@UNIQUE_CHECKS, UNIQUE_CHECKS=0 */;
/*!40014 SET @OLD_FOREIGN_KEY_CHECKS=@@FOREIGN_KEY_CHECKS, FOREIGN_KEY_CHECKS=0 */;
/*!40101 SET @OLD_SQL_MODE=@@SQL_MODE, SQL_MODE='NO_AUTO_VALUE_ON_ZERO' */;
/*!40111 SET @OLD_SQL_NOTES=@@SQL_NOTES, SQL_NOTES=0 */;


LOCK TABLES `bts_cell_operations` WRITE;
/*!40000 ALTER TABLE `bts_cell_operations` DISABLE KEYS */;
INSERT INTO `bts_cell_operations`(id, cell_id, operation_type, operacion_date) VALUES (1,1,'dismantling','1981-06-30 23:47:49'),(2,2,'modification','1996-10-05 08:10:39'),(3,3,'commissioning','1985-12-29 04:58:06'),(4,4,'commissioning','1982-09-03 04:07:24'),(5,5,'modification','2000-06-07 19:24:41'),(6,6,'commissioning','2014-08-31 13:00:30'),(7,7,'modification','2001-05-01 03:22:49'),(8,8,'commissioning','2002-07-15 12:33:52'),(9,9,'commissioning','2004-03-15 18:28:13'),(10,10,'modification','1991-01-27 09:36:32'),(11,11,'modification','2010-01-19 15:57:40'),(12,12,'commissioning','2020-07-03 01:42:26'),(13,13,'modification','1992-02-20 06:30:09'),(14,14,'commissioning','2006-12-18 23:18:34'),(15,15,'modification','1981-09-09 18:57:59'),(16,16,'modification','1977-12-12 00:37:53'),(17,17,'dismantling','2019-05-18 03:29:40'),(18,18,'commissioning','1985-09-25 21:32:25'),(19,19,'modification','2006-01-07 21:41:10'),(20,20,'dismantling','1987-09-23 20:25:53'),(21,21,'commissioning','1995-03-28 09:57:40'),(22,22,'commissioning','1981-02-03 09:52:58'),(23,23,'modification','2019-12-26 00:38:42'),(24,24,'dismantling','1971-09-18 10:53:11'),(25,25,'modification','1974-12-05 03:22:23'),(26,26,'commissioning','1990-06-22 21:24:04'),(27,27,'modification','2017-11-03 15:39:10'),(28,28,'commissioning','2010-10-31 15:57:29'),(29,29,'dismantling','2009-07-06 01:56:58'),(30,30,'commissioning','2003-04-25 13:48:09'),(31,31,'modification','2013-09-10 04:49:54'),(32,32,'dismantling','1997-12-30 05:58:24'),(33,33,'dismantling','2020-11-02 15:07:55'),(34,34,'commissioning','1997-10-11 01:36:56'),(35,35,'modification','2018-12-05 23:58:23'),(36,36,'commissioning','1978-06-04 08:06:44'),(37,37,'commissioning','1986-08-30 19:03:40'),(38,38,'modification','1974-06-18 10:36:27'),(39,39,'dismantling','2003-09-29 18:07:52'),(40,40,'commissioning','1997-11-23 03:07:54'),(41,41,'commissioning','1974-01-09 22:22:21'),(42,42,'dismantling','2000-04-16 16:05:51'),(43,43,'commissioning','2010-09-24 23:08:30'),(44,44,'commissioning','2018-06-20 07:15:54'),(45,45,'modification','2012-08-13 16:32:36'),(46,46,'modification','2017-12-28 23:43:57'),(47,47,'dismantling','1970-06-29 07:40:50'),(48,48,'dismantling','1985-02-13 16:35:53'),(49,49,'dismantling','2001-02-23 16:39:40'),(50,50,'dismantling','1993-05-13 17:15:28'),(51,51,'modification','2012-01-13 04:21:10'),(52,52,'modification','1975-02-13 18:03:37'),(53,53,'dismantling','1994-07-31 02:59:50'),(54,54,'modification','1975-09-22 22:09:33'),(55,55,'dismantling','1993-04-26 22:26:28'),(56,56,'commissioning','2016-01-31 05:26:04'),(57,57,'modification','1990-10-19 19:18:21'),(58,58,'dismantling','1989-01-19 00:18:35'),(59,59,'commissioning','2012-04-11 15:15:31'),(60,60,'dismantling','1973-02-27 04:43:42'),(61,61,'modification','1983-11-30 01:48:44'),(62,62,'modification','2001-02-07 05:45:38'),(63,63,'dismantling','2013-10-13 10:33:39'),(64,64,'modification','2005-11-02 07:23:36'),(65,65,'dismantling','2008-11-14 05:27:12'),(66,66,'dismantling','2001-05-13 15:51:03'),(67,67,'modification','1974-05-24 15:06:55'),(68,68,'commissioning','2005-12-03 22:34:44'),(69,69,'commissioning','2002-07-27 21:57:09'),(70,70,'dismantling','2006-12-31 01:55:59'),(71,71,'commissioning','2019-11-13 18:27:48'),(72,72,'commissioning','2014-08-14 14:24:57'),(73,73,'commissioning','2001-10-04 21:38:30'),(74,74,'commissioning','1978-07-13 02:04:52'),(75,75,'dismantling','1977-05-18 14:42:11'),(76,76,'modification','2001-05-21 01:43:10'),(77,77,'dismantling','1983-05-05 20:22:49'),(78,78,'modification','2017-11-29 20:48:34'),(79,79,'commissioning','1991-06-08 16:48:28'),(80,80,'commissioning','1977-06-26 06:25:23'),(81,81,'commissioning','2016-03-19 23:40:12'),(82,82,'commissioning','1985-05-03 00:06:43'),(83,83,'commissioning','1979-09-15 03:10:10'),(84,84,'commissioning','1972-08-08 16:57:41'),(85,85,'dismantling','2007-09-29 07:35:05'),(86,86,'commissioning','1992-08-24 22:45:18'),(87,87,'commissioning','1996-10-16 13:48:44'),(88,88,'commissioning','1976-11-10 16:56:26'),(89,89,'commissioning','1993-05-27 22:57:17'),(90,90,'modification','1985-09-11 17:00:21'),(91,91,'dismantling','2012-10-30 07:05:08'),(92,92,'dismantling','1994-09-08 18:06:28'),(93,93,'dismantling','1974-01-01 05:35:58'),(94,94,'modification','2018-01-09 03:40:30'),(95,95,'commissioning','2007-09-05 14:15:37'),(96,96,'commissioning','2014-06-27 23:27:57'),(97,97,'commissioning','1992-01-14 10:48:26'),(98,98,'dismantling','1993-09-27 07:12:01'),(99,99,'modification','1980-09-19 02:56:05'),(100,100,'commissioning','1994-09-17 14:14:17'),(101,1,'commissioning','1984-12-29 13:58:07'),(102,2,'modification','1994-02-14 17:46:24'),(103,3,'commissioning','1975-11-08 07:22:29'),(104,4,'modification','1977-08-31 13:38:31'),(105,5,'commissioning','2008-04-16 20:36:25'),(106,6,'modification','1982-04-15 22:28:27'),(107,7,'modification','1979-08-06 09:25:00'),(108,8,'dismantling','1993-06-23 08:51:18'),(109,9,'commissioning','2015-04-29 14:32:16'),(110,10,'dismantling','2000-08-01 02:32:58'),(111,11,'modification','2008-08-02 16:45:06'),(112,12,'dismantling','2003-08-24 16:07:35'),(113,13,'commissioning','2019-09-28 02:23:30'),(114,14,'dismantling','1997-05-28 17:21:29'),(115,15,'modification','2010-06-19 14:06:01'),(116,16,'dismantling','1990-08-10 14:27:39'),(117,17,'modification','2013-06-20 02:31:29'),(118,18,'modification','2017-04-16 03:14:27'),(119,19,'dismantling','1970-08-09 01:52:07'),(120,20,'commissioning','1982-02-12 17:58:59'),(121,21,'dismantling','1987-05-09 09:50:15'),(122,22,'modification','1984-07-29 21:09:37'),(123,23,'commissioning','2000-08-20 08:23:28'),(124,24,'modification','1974-08-20 01:28:40'),(125,25,'modification','1994-06-13 00:35:03'),(126,26,'dismantling','1996-12-17 08:07:43'),(127,27,'commissioning','2016-12-11 00:23:02'),(128,28,'dismantling','2014-11-18 04:20:14'),(129,29,'commissioning','1986-12-23 17:49:35'),(130,30,'dismantling','1998-02-28 09:20:37'),(131,31,'modification','1974-10-12 03:53:58'),(132,32,'modification','2011-02-08 20:57:42'),(133,33,'commissioning','1975-01-27 08:39:16'),(134,34,'dismantling','1993-11-02 20:01:40'),(135,35,'modification','1984-06-08 02:23:32'),(136,36,'commissioning','1983-11-23 07:39:23'),(137,37,'commissioning','1987-09-30 11:20:02'),(138,38,'dismantling','1981-09-30 05:44:01'),(139,39,'commissioning','1972-10-14 15:46:38'),(140,40,'dismantling','1981-06-09 05:21:19'),(141,41,'modification','1993-01-28 12:33:09'),(142,42,'commissioning','1988-08-30 14:27:43'),(143,43,'commissioning','1985-01-16 21:39:32'),(144,44,'modification','1974-07-10 07:53:28'),(145,45,'dismantling','2019-01-08 13:12:56'),(146,46,'dismantling','2009-03-02 12:08:27'),(147,47,'commissioning','1981-05-03 01:24:35'),(148,48,'dismantling','2010-05-04 05:00:09'),(149,49,'commissioning','1997-06-02 18:22:35'),(150,50,'commissioning','2020-11-27 10:35:13');
/*!40000 ALTER TABLE `bts_cell_operations` ENABLE KEYS */;
UNLOCK TABLES;


LOCK TABLES `bts_list` WRITE;
/*!40000 ALTER TABLE `bts_list` DISABLE KEYS */;
INSERT INTO `bts_list`(id, region_id, bts_number) VALUES (1,1,746),(2,2,287),(3,3,35),(4,4,988),(5,5,257),(6,6,586),(7,7,371),(8,8,95),(9,9,636),(10,10,100),(11,11,667),(12,12,773),(13,13,245),(14,14,557),(15,15,228),(16,16,376),(17,17,650),(18,18,151),(19,19,765),(20,20,360),(21,1,243),(22,2,695),(23,3,622),(24,4,19),(25,5,730),(26,6,636),(27,7,776),(28,8,956),(29,9,347),(30,10,266),(31,11,517),(32,12,946),(33,13,962),(34,14,195),(35,15,954),(36,16,754),(37,17,872),(38,18,774),(39,19,463),(40,20,609);
/*!40000 ALTER TABLE `bts_list` ENABLE KEYS */;
UNLOCK TABLES;


LOCK TABLES `calls_by_cell` WRITE;
/*!40000 ALTER TABLE `calls_by_cell` DISABLE KEYS */;
INSERT INTO `calls_by_cell` VALUES (1,1,'1990-01-08 02:22:33',79877958139,70753629663,16),(2,2,'1982-01-14 20:10:13',73024835777,74697563424,86),(3,3,'1989-08-02 18:18:39',75542595586,79414902459,100),(4,4,'1981-10-23 22:03:35',79104236168,70106953661,9),(5,5,'2012-06-21 09:31:38',75903570847,70238686096,20),(6,6,'1977-07-13 23:53:11',79298304934,77271221582,45),(7,7,'2018-08-18 04:17:49',70624954262,78462726208,58),(8,8,'2019-09-09 09:21:20',70232936078,72804917208,41),(9,9,'2007-08-28 05:56:04',72145559457,70243330444,67),(10,10,'2018-10-31 22:02:41',78412957224,78313145032,86),(11,11,'1981-02-24 20:20:17',75071471510,77992966766,81),(12,12,'1970-12-28 03:49:39',78739885985,78155143000,94),(13,13,'2018-11-15 07:46:39',76284829364,74259818238,84),(14,14,'1988-04-12 14:41:10',76226421515,73691349681,14),(15,15,'2015-05-10 14:00:02',79605190851,75014197966,52),(16,16,'2019-08-22 12:44:53',75264205276,72656192090,74),(17,17,'2006-08-17 10:29:08',74238657900,77258115354,73),(18,18,'1981-04-10 15:26:19',79867229815,71262444029,14),(19,19,'2001-10-22 18:19:29',78771928474,76727499570,93),(20,20,'2015-08-30 06:07:21',70333954095,78867462184,82),(21,21,'1988-09-29 21:47:25',77497129314,70121107883,89),(22,22,'1991-01-26 03:51:23',78871482838,78938969778,48),(23,23,'1995-11-21 00:58:06',75812658309,77785222558,21),(24,24,'1983-06-03 02:13:46',77802764447,77852257401,29),(25,25,'2013-12-26 15:56:45',75333373998,74689865279,72),(26,26,'2007-02-10 13:53:33',77529670251,77741444879,38),(27,27,'1998-11-20 00:46:45',77107928404,71181445405,97),(28,28,'1982-06-22 08:19:13',71253866376,75862637446,46),(29,29,'1998-03-23 23:40:46',74869606588,79271607389,57),(30,30,'2001-02-14 15:31:55',72646764046,75684150252,51),(31,31,'1990-04-28 04:59:30',73255093921,77829274581,34),(32,32,'1975-07-28 20:44:01',77588753858,77187971994,29),(33,33,'2003-09-19 15:04:35',74077769429,71978684714,22),(34,34,'2003-03-18 11:50:02',70348823736,77993084550,22),(35,35,'1992-12-07 18:35:38',79650292536,74122535157,80),(36,36,'1989-01-23 02:55:33',75636894651,79354002769,2),(37,37,'1978-12-30 08:38:32',74353729560,71627977769,36),(38,38,'2002-10-12 18:04:38',78876787950,76227466282,60),(39,39,'1990-01-02 06:09:26',73267860575,73726175725,87),(40,40,'1986-04-11 23:34:07',76008544205,74457606808,50),(41,41,'2000-05-02 00:53:30',75457243020,74914503679,2),(42,42,'1971-10-20 03:00:44',75069272643,71365774711,86),(43,43,'1986-12-15 22:38:54',77101382589,75803368673,73),(44,44,'1990-04-14 21:48:17',79177570175,74307680032,70),(45,45,'1972-12-10 15:43:04',78760849586,75613750256,79),(46,46,'2013-03-29 15:07:07',72555809337,71906683170,78),(47,47,'1987-12-10 17:06:23',78817443447,72491647694,66),(48,48,'1979-01-30 06:27:25',76707511288,73349934113,40),(49,49,'2005-09-06 22:05:02',77561378069,74074803343,39),(50,50,'2010-02-19 04:16:37',77863453174,76437048884,32),(51,51,'1973-02-19 12:25:01',79653134015,78741177674,99),(52,52,'1997-09-04 17:21:46',75664822109,74190660947,24),(53,53,'1997-03-15 14:28:22',73611766626,75607164171,35),(54,54,'1974-05-01 00:56:32',71395321441,75195335983,39),(55,55,'1970-01-25 07:40:54',72581167607,72854513353,61),(56,56,'2001-04-01 13:03:20',73148108138,76880808593,8),(57,57,'2017-05-31 19:35:58',78302929070,78739618961,23),(58,58,'1983-11-02 16:32:31',77681760080,70482262093,5),(59,59,'2019-04-24 15:43:49',77338307797,70725691555,16),(60,60,'1993-12-10 09:23:05',79961343863,79196707112,43),(61,61,'1979-11-20 12:50:13',76588345924,77841750746,56),(62,62,'1998-06-08 07:02:42',71024298584,78142512859,48),(63,63,'1973-12-05 10:18:22',75863941442,74315156880,11),(64,64,'1981-06-28 06:22:37',74798869653,78790777623,55),(65,65,'1989-12-23 23:07:59',75674095991,78904570513,87),(66,66,'1972-07-21 04:48:50',74917718516,77334817186,53),(67,67,'1977-05-16 19:07:42',70969657870,70825006612,69),(68,68,'2015-03-29 08:06:29',74224057700,76116924588,52),(69,69,'2008-11-14 15:53:07',78074169121,74273273362,76),(70,70,'2015-05-01 02:06:05',75113661545,73832579269,61),(71,71,'1989-07-11 11:40:28',70913542634,75674888663,9),(72,72,'1992-09-13 10:20:10',79247438698,79390357001,5),(73,73,'1979-05-26 20:04:22',75715623693,75744092934,78),(74,74,'1972-05-16 11:03:20',79697507382,72263303413,74),(75,75,'2007-08-02 09:52:03',74026981899,71986046670,75),(76,76,'2002-02-23 01:10:23',79925106056,71435278500,56),(77,77,'2013-01-19 01:12:03',71255872664,78525948561,89),(78,78,'2004-03-01 14:48:33',75191643773,77410909887,62),(79,79,'1995-02-07 17:51:31',71777920601,73246573465,41),(80,80,'2020-01-08 14:54:48',74497915185,71210035807,55),(81,81,'1996-04-04 20:21:47',72750873304,78794358456,20),(82,82,'1994-08-19 14:59:41',75085649951,73835630849,64),(83,83,'2019-04-03 14:19:40',77993130618,72978636766,81),(84,84,'1989-01-21 11:16:57',76663934127,77690633661,28),(85,85,'1978-02-16 21:53:33',73371277418,79152347939,44),(86,86,'2015-03-28 16:06:12',72109648007,74101189756,28),(87,87,'1975-05-20 17:13:44',75749726984,70327881560,65),(88,88,'2020-01-14 07:43:07',79377521094,71709060752,7),(89,89,'1973-03-13 08:10:50',79425463546,71927469307,35),(90,90,'1992-12-29 09:29:43',72388009759,78431772291,1),(91,91,'1976-03-08 04:15:24',77142654280,73357759644,54),(92,92,'2015-11-01 14:55:17',75694454060,71340412748,30),(93,93,'2014-03-25 17:11:27',78379628304,71715263277,81),(94,94,'2014-10-08 20:53:51',75711617008,75104658473,3),(95,95,'1973-01-04 13:42:47',75272454670,72201954782,62),(96,96,'1975-09-16 19:37:08',74118108116,79240858517,100),(97,97,'1983-11-30 08:28:23',72968270853,73876006086,94),(98,98,'2009-11-20 02:01:20',78420047396,70674200281,24),(99,99,'2018-07-18 22:03:26',71982550462,79206738318,49),(100,100,'2013-08-04 22:40:41',73503760457,72642008531,30),(101,1,'1986-07-29 15:26:57',70616451748,71798894917,32);
/*!40000 ALTER TABLE `calls_by_cell` ENABLE KEYS */;
UNLOCK TABLES;


LOCK TABLES `cell_designer` WRITE;
/*!40000 ALTER TABLE `cell_designer` DISABLE KEYS */;
INSERT INTO `cell_designer` VALUES (1,'Ima Schowalter',1),(2,'Kayli O\'Conner',2),(3,'Dario Hane',3),(4,'Riley Funk',4),(5,'Monroe Feeney',5),(6,'Jacques O\'Conner',6),(7,'Dr. Leif Donnelly',7),(8,'Paris Haley',8),(9,'Miss Kristina Ruecker I',9),(10,'Jackeline Stamm DDS',10),(11,'Lexi Collins',11),(12,'Gideon Kub',12),(13,'Isadore Collins',13),(14,'Prof. Alexzander Parker III',14),(15,'Dayne Ullrich',15),(16,'Ernestine Bailey',16),(17,'Dr. Lavon Cummings',17),(18,'Nadia Boehm',18),(19,'Leola Welch',19),(20,'Ubaldo Stoltenberg',20);
/*!40000 ALTER TABLE `cell_designer` ENABLE KEYS */;
UNLOCK TABLES;


LOCK TABLES `cell_list` WRITE;
/*!40000 ALTER TABLE `cell_list` DISABLE KEYS */;
INSERT INTO `cell_list`(id, cell_number, designer_id, bts_id, cell_type_id, status) VALUES (1,3,1,1,1,''),(2,2,2,2,2,'I'),(3,1,3,3,3,'U'),(4,1,4,4,4,'V'),(5,3,5,5,5,''),(6,3,6,6,6,''),(7,3,7,7,7,''),(8,3,8,8,1,''),(9,2,9,9,2,''),(10,3,10,10,3,''),(11,3,11,11,4,'E'),(12,1,12,12,5,''),(13,1,13,13,6,''),(14,2,14,14,7,'N'),(15,3,15,15,1,''),(16,1,16,16,2,''),(17,3,17,17,3,'Q'),(18,3,18,18,4,''),(19,1,19,19,5,''),(20,1,20,20,6,'O'),(21,1,1,21,7,''),(22,1,2,22,1,''),(23,1,3,23,2,'E'),(24,3,4,24,3,''),(25,2,5,25,4,''),(26,3,6,26,5,'D'),(27,1,7,27,6,'S'),(28,2,8,28,7,'A'),(29,2,9,29,1,''),(30,3,10,30,2,'C'),(31,1,11,31,3,'V'),(32,3,12,32,4,'V'),(33,3,13,33,5,''),(34,3,14,34,6,''),(35,1,15,35,7,'E'),(36,2,16,36,1,'R'),(37,3,17,37,2,''),(38,1,18,38,3,''),(39,2,19,39,4,''),(40,2,20,40,5,'C'),(41,1,1,1,6,''),(42,1,2,2,7,''),(43,1,3,3,1,''),(44,2,4,4,2,'C'),(45,1,5,5,3,''),(46,1,6,6,4,'R'),(47,3,7,7,5,''),(48,3,8,8,6,'E'),(49,3,9,9,7,'S'),(50,3,10,10,1,''),(51,1,11,11,2,''),(52,1,12,12,3,'E'),(53,3,13,13,4,'A'),(54,1,14,14,5,''),(55,1,15,15,6,'E'),(56,2,16,16,7,''),(57,2,17,17,1,''),(58,1,18,18,2,''),(59,3,19,19,3,''),(60,3,20,20,4,''),(61,1,1,21,5,''),(62,1,2,22,6,''),(63,1,3,23,7,'Q'),(64,1,4,24,1,''),(65,3,5,25,2,''),(66,2,6,26,3,'D'),(67,1,7,27,4,'E'),(68,1,8,28,5,''),(69,2,9,29,6,''),(70,2,10,30,7,'T'),(71,2,11,31,1,'E'),(72,2,12,32,2,'E'),(73,3,13,33,3,''),(74,2,14,34,4,'R'),(75,1,15,35,5,'S'),(76,1,16,36,6,'Q'),(77,1,17,37,7,''),(78,2,18,38,1,''),(79,1,19,39,2,'C'),(80,2,20,40,3,'C'),(81,1,1,1,4,''),(82,1,2,2,5,''),(83,2,3,3,6,''),(84,2,4,4,7,''),(85,1,5,5,1,'A'),(86,3,6,6,2,''),(87,3,7,7,3,'N'),(88,3,8,8,4,'A'),(89,1,9,9,5,'C'),(90,3,10,10,6,''),(91,1,11,11,7,''),(92,2,12,12,1,''),(93,3,13,13,2,''),(94,1,14,14,3,'N'),(95,3,15,15,4,'S'),(96,1,16,16,5,''),(97,2,17,17,6,'H'),(98,2,18,18,7,''),(99,2,19,19,1,''),(100,3,20,20,2,'');
/*!40000 ALTER TABLE `cell_list` ENABLE KEYS */;
UNLOCK TABLES;


LOCK TABLES `cell_types` WRITE;
/*!40000 ALTER TABLE `cell_types` DISABLE KEYS */;
INSERT INTO `cell_types` VALUES (1,'2G'),(2,'3G'),(3,'4G'),(6,'5G'),(4,'C-IoT'),(7,'Femto'),(5,'NB-IoT');
/*!40000 ALTER TABLE `cell_types` ENABLE KEYS */;
UNLOCK TABLES;


LOCK TABLES `message_by_cell` WRITE;
/*!40000 ALTER TABLE `message_by_cell` DISABLE KEYS */;
INSERT INTO `message_by_cell` VALUES (1,1,'1997-07-24 02:37:11',78724588765,72214282010,20),(2,2,'2010-02-14 22:58:30',79204163616,79594665840,24),(3,3,'1994-08-11 21:17:07',78552953917,70773429893,61),(4,4,'2018-04-10 13:59:30',74201305015,75139005235,52),(5,5,'2011-10-30 21:49:18',78946153065,72014606725,45),(6,6,'1970-11-30 03:23:31',74992588236,72768712653,80),(7,7,'2019-06-02 07:28:25',77035218654,75042878733,22),(8,8,'2000-05-01 11:28:41',77769006155,73245760928,12),(9,9,'1986-04-02 21:11:34',75426488453,79606082336,76),(10,10,'1979-05-08 13:43:59',73087912728,71306907515,69),(11,11,'2001-04-22 11:28:51',76861076098,78596316091,20),(12,12,'2017-09-17 21:12:38',71963706491,72857653545,77),(13,13,'1970-11-13 01:24:45',76376664233,74721593903,82),(14,14,'1990-02-20 04:32:58',74142990605,70199599475,34),(15,15,'1989-04-18 17:16:50',78055294258,74349662642,94),(16,16,'1985-02-12 16:39:31',72878075032,70399184729,32),(17,17,'1986-08-25 08:49:10',71154107195,78958184388,48),(18,18,'2017-03-10 08:00:20',77587476912,71876565921,32),(19,19,'1985-01-27 17:39:04',74136258428,73859487604,70),(20,20,'1989-06-19 17:35:27',72754815625,71054617846,12),(21,21,'1990-02-19 17:19:42',79193803304,70750666633,84),(22,22,'1991-08-19 13:45:06',73521853834,73259788001,81),(23,23,'1993-07-26 17:27:25',75106672132,75820462927,9),(24,24,'2009-10-05 03:32:25',71636378769,71079797944,6),(25,25,'2004-03-16 06:51:11',70769668305,70696549997,49),(26,26,'1989-01-24 17:29:26',71982857985,78908134675,89),(27,27,'2009-06-07 11:15:07',75235862685,72955362778,3),(28,28,'2007-08-07 13:58:40',78615880543,71246578018,25),(29,29,'1996-10-25 15:06:19',73885713149,77091172616,41),(30,30,'2011-06-10 20:20:09',78135459804,79376002573,48),(31,31,'1996-11-01 17:31:09',76895261369,74764123093,47),(32,32,'1995-01-20 00:00:45',72950966409,71457624672,71),(33,33,'2017-06-17 07:08:53',73587755495,73599244011,84),(34,34,'1992-01-23 07:26:38',76507040117,76195088704,88),(35,35,'1999-02-27 13:03:42',71622717999,76756759304,68),(36,36,'2004-02-04 19:02:20',73376436396,76499410569,82),(37,37,'2011-09-20 10:30:58',79184092590,73937484659,98),(38,38,'2019-02-05 09:40:04',77921565412,70846182303,23),(39,39,'2004-05-04 13:36:10',76337565896,77582502542,87),(40,40,'1995-02-12 08:03:36',72113569886,78881974969,63),(41,41,'1996-09-08 04:13:43',70251028588,77323045753,38),(42,42,'2017-12-29 14:06:48',70781517066,75525777526,11),(43,43,'1975-12-09 22:28:59',78877286696,78603357016,6),(44,44,'1995-08-09 14:31:23',75032586855,76778753404,6),(45,45,'1978-10-18 17:46:08',75938788172,78121399381,42),(46,46,'1978-07-28 14:19:58',77757034879,73126533892,58),(47,47,'2015-11-02 22:04:03',72590826554,71832458083,90),(48,48,'1975-10-04 23:35:14',75395167008,71246010093,76),(49,49,'1997-04-16 10:38:45',72902643592,71680498556,79),(50,50,'1977-08-17 22:15:50',73237213180,77915968801,47),(51,51,'1999-06-26 21:53:37',73887945902,77625745697,7),(52,52,'2009-06-06 16:07:32',74634150131,76677969144,85),(53,53,'1991-04-04 06:46:31',73289192789,77001827992,1),(54,54,'2014-12-08 11:30:17',72665410740,76091328025,16),(55,55,'1988-03-14 12:32:02',78602195675,78911669431,18),(56,56,'2013-05-14 07:47:04',77240702910,78418522477,73),(57,57,'1992-04-27 16:30:57',72576590883,70130085875,71),(58,58,'2003-03-22 16:55:36',75428227004,72572410255,62),(59,59,'1993-11-15 16:07:20',77476546461,77120588282,58),(60,60,'1995-11-17 20:54:58',75952852531,73118121107,78),(61,61,'1972-11-25 04:15:22',73014816083,70802317997,70),(62,62,'1987-02-25 10:51:27',74526903829,70081052603,99),(63,63,'1996-01-20 21:27:29',76662052869,72661472032,83),(64,64,'1977-11-16 01:46:11',77866702084,72796623348,80),(65,65,'2005-08-20 22:16:14',70919905360,71603788044,92),(66,66,'1987-01-24 21:23:07',71339291422,76366453883,33),(67,67,'1988-01-27 02:03:37',77305311821,72393271084,38),(68,68,'2015-02-11 04:00:59',74119269116,79133966621,61),(69,69,'1997-05-21 23:36:29',74066718909,73019955456,44),(70,70,'1975-01-09 09:52:54',74216622710,77489838972,86),(71,71,'1974-01-01 04:23:22',74360603438,70689941043,60),(72,72,'1993-01-24 10:03:44',78628322347,74940829039,73),(73,73,'2007-05-28 08:52:30',71350268847,75241545452,4),(74,74,'2016-10-28 20:48:18',75841127973,73755336701,44),(75,75,'2019-03-13 14:01:21',73469634251,71866482254,77),(76,76,'1973-10-15 17:13:27',74867266668,74568874812,100),(77,77,'1974-08-29 04:46:31',75157389524,78284019692,36),(78,78,'1980-12-09 02:59:02',74022552031,79074223688,81),(79,79,'1971-10-29 11:57:25',73423440768,77569601587,46),(80,80,'2002-02-21 11:38:32',77308094045,77957207844,44),(81,81,'2007-11-29 08:38:46',71880031488,75853955675,87),(82,82,'2017-03-01 07:04:27',73174085170,72694399198,31),(83,83,'1977-12-20 18:42:43',75754088144,77324222908,89),(84,84,'1995-05-24 13:47:06',70762192402,70113061042,44),(85,85,'2000-09-02 20:42:55',74962538164,79689765651,63),(86,86,'2007-07-15 11:26:03',71490596537,76629235516,13),(87,87,'1973-11-20 04:12:40',77094565653,77408167817,19),(88,88,'2016-02-10 11:44:19',79392163711,70030977590,1),(89,89,'1978-08-08 16:29:23',73870758768,73396865660,99),(90,90,'1974-10-12 03:35:47',77927945591,79065322815,36),(91,91,'1998-11-01 12:59:02',77392962267,78852534284,33),(92,92,'2015-05-30 01:08:54',79815126885,70096777300,26),(93,93,'2019-07-15 07:49:04',72183005129,70238511362,96),(94,94,'1970-09-23 15:06:31',76349460929,72804607916,93),(95,95,'1992-09-20 18:17:07',74715671003,70863926261,32),(96,96,'2014-10-14 22:16:53',72791229668,76260326751,70),(97,97,'1982-05-18 22:15:14',75775962662,73955260985,35),(98,98,'2018-09-24 16:43:48',79476294526,70619274852,46),(99,99,'2008-06-06 23:06:23',71761492406,77972062500,98),(100,100,'1992-07-20 11:39:40',75763256060,73742902949,90),(101,1,'2008-12-12 22:03:21',71786803016,79705713181,30);
/*!40000 ALTER TABLE `message_by_cell` ENABLE KEYS */;
UNLOCK TABLES;


LOCK TABLES `regions` WRITE;
/*!40000 ALTER TABLE `regions` DISABLE KEYS */;
INSERT INTO `regions` VALUES (1,'North Solonborough'),(2,'North Maurice'),(3,'New Neal'),(4,'South Nathanview'),(5,'Port Wilhelm'),(6,'North Leathaborough'),(7,'Virginiamouth'),(8,'East Bud'),(9,'Yundtberg'),(10,'Nitzscheview'),(11,'North Fostershire'),(12,'Leuschkemouth'),(13,'Gusikowskitown'),(14,'Elainashire'),(15,'Andreaneberg'),(16,'South Geraldinemouth'),(17,'Heathcoteton'),(18,'East Libbieview'),(19,'Darrinshire'),(20,'North Martine');
/*!40000 ALTER TABLE `regions` ENABLE KEYS */;
UNLOCK TABLES;


LOCK TABLES `stat_2g` WRITE;
/*!40000 ALTER TABLE `stat_2g` DISABLE KEYS */;
INSERT INTO `stat_2g`(cell_id,	stime,	available_time,	time_in_period, ul_traf, dl_traf) VALUES (1,'2015-11-03 08:28:51',1533,3600,287,442),(2,'1983-12-12 15:10:25',1330,3600,278,557),(3,'2019-02-06 08:45:45',1544,3600,59,853),(4,'1991-07-21 17:57:29',2014,3600,311,785),(5,'1995-05-07 10:22:54',1866,3600,173,212),(6,'1985-12-10 12:29:27',3422,3600,966,427),(7,'1993-05-07 13:07:53',1028,3600,676,107),(8,'1997-09-05 22:59:16',3502,3600,114,588),(9,'1978-12-02 11:42:08',272,3600,492,397),(10,'1991-11-13 00:58:43',1036,3600,680,787),(11,'1976-11-03 04:34:50',868,3600,599,603),(12,'1970-05-10 21:08:24',1154,3600,356,222),(13,'2009-11-09 03:21:21',238,3600,231,29),(14,'2001-05-01 06:43:39',1387,3600,765,980),(15,'2005-12-11 04:10:26',877,3600,264,59),(16,'2004-07-09 04:56:55',3113,3600,844,758),(17,'1993-09-20 05:30:32',1497,3600,886,230),(18,'1996-01-05 22:42:24',88,3600,813,116),(19,'1982-03-25 04:52:47',1758,3600,928,833),(20,'1971-09-15 22:06:57',2320,3600,295,542),(21,'2018-10-21 00:46:49',815,3600,626,164),(22,'1985-10-29 14:52:21',2897,3600,451,237),(23,'1996-10-06 08:37:02',1802,3600,525,124),(24,'2003-03-10 16:42:29',526,3600,683,803),(25,'2000-11-22 01:32:50',572,3600,396,519),(26,'1972-02-05 21:13:35',724,3600,535,171),(27,'1997-11-23 08:21:51',3561,3600,217,413),(28,'1974-04-11 20:00:09',2706,3600,237,863),(29,'2009-04-11 15:07:12',3055,3600,73,358),(30,'2008-04-19 19:25:27',3483,3600,979,271),(31,'1975-02-02 22:43:47',3539,3600,282,763),(32,'1975-01-28 10:59:05',56,3600,454,1000),(33,'2017-11-29 01:32:18',3598,3600,977,153),(34,'1998-10-18 08:07:24',2610,3600,757,914),(35,'1994-10-13 19:37:55',709,3600,280,932),(36,'1982-01-12 07:23:47',3107,3600,792,100),(37,'1972-06-04 14:13:18',1639,3600,985,431),(38,'1987-03-04 11:18:17',1372,3600,604,359),(39,'1997-09-27 15:18:16',3171,3600,998,29),(40,'1982-09-25 02:26:53',2419,3600,130,472),(41,'1999-11-21 14:40:03',2946,3600,760,645),(42,'1981-11-03 09:47:31',2261,3600,547,661),(43,'1991-11-20 07:05:52',1556,3600,599,431),(44,'2013-10-25 08:32:16',2985,3600,144,489),(45,'2001-05-30 13:27:34',2899,3600,653,17),(46,'1998-06-13 15:47:17',1739,3600,102,884),(47,'1997-10-22 20:14:21',590,3600,760,308),(48,'1991-03-01 02:27:42',663,3600,400,650),(49,'2019-05-15 22:13:30',98,3600,3,826),(50,'2017-07-22 19:10:49',76,3600,804,815),(51,'1985-01-15 23:50:51',786,3600,138,88),(52,'1999-11-28 17:29:30',3500,3600,851,641),(53,'1972-10-09 07:32:18',1603,3600,274,765),(54,'1998-03-06 23:44:58',1107,3600,595,779),(55,'2001-07-15 10:04:35',429,3600,794,254),(56,'2019-08-09 04:37:19',2066,3600,79,704),(57,'1994-01-04 13:50:15',188,3600,231,333),(58,'1989-11-12 09:31:30',3149,3600,528,370),(59,'2007-06-08 02:56:28',3510,3600,252,414),(60,'1970-05-28 02:24:09',783,3600,30,859),(61,'1986-08-07 21:15:03',141,3600,589,535),(62,'2016-11-24 21:02:00',3185,3600,32,257),(63,'2013-01-16 04:27:31',1889,3600,64,43),(64,'2007-09-02 13:52:16',3162,3600,44,677),(65,'2017-08-15 10:20:18',3148,3600,443,709),(66,'2004-08-23 05:56:23',1059,3600,407,338),(67,'2009-04-08 04:16:58',1131,3600,760,336),(68,'1972-09-08 01:28:43',1000,3600,224,133),(69,'2011-08-26 02:43:29',349,3600,805,406),(70,'1980-01-11 00:10:22',1566,3600,183,832),(71,'1996-06-13 18:05:57',3070,3600,327,536),(72,'1987-12-01 15:38:09',2803,3600,880,82),(73,'1977-02-04 21:18:24',1484,3600,353,240),(74,'2009-09-08 06:03:30',2087,3600,700,576),(75,'2012-06-06 05:29:47',1659,3600,51,63),(76,'2020-06-24 22:24:13',1342,3600,647,796),(77,'2019-12-10 21:48:59',336,3600,554,963),(78,'1998-09-29 15:28:11',1224,3600,163,495),(79,'2008-12-04 21:41:25',1040,3600,607,890),(80,'2017-04-20 13:39:54',506,3600,432,771),(81,'2014-05-04 18:19:17',1990,3600,576,594),(82,'1985-08-27 04:35:38',2566,3600,31,290),(83,'1976-06-25 16:22:20',2482,3600,351,9),(84,'1984-01-09 05:08:57',1822,3600,349,128),(85,'1981-10-21 15:35:59',977,3600,304,720),(86,'2020-11-28 22:22:09',26,3600,350,174),(87,'1986-05-24 18:30:47',536,3600,968,996),(88,'1986-03-29 22:38:09',1214,3600,374,782),(89,'2016-12-31 08:51:21',898,3600,24,255),(90,'1980-03-08 05:25:09',1050,3600,995,406),(91,'1971-01-27 20:17:36',552,3600,28,120),(92,'2017-11-13 08:22:47',523,3600,575,915),(93,'1971-11-02 20:46:40',2545,3600,508,941),(94,'1972-09-10 04:25:44',2505,3600,392,79),(95,'2002-03-10 22:44:20',3496,3600,850,433),(96,'1997-01-16 15:33:40',803,3600,299,632),(97,'1977-05-06 03:55:40',13,3600,274,194),(98,'2018-07-12 01:01:54',32,3600,502,575),(99,'2012-12-08 01:16:52',1830,3600,596,531),(100,'1970-03-09 09:41:42',851,3600,917,185);
/*!40000 ALTER TABLE `stat_2g` ENABLE KEYS */;
UNLOCK TABLES;


LOCK TABLES `stat_3g` WRITE;
/*!40000 ALTER TABLE `stat_3g` DISABLE KEYS */;
INSERT INTO `stat_3g`(cell_id,	stime,	available_time,	time_in_period, ul_traf, dl_traf) VALUES (1,'1994-10-10 06:40:45',765,3600,955,507),(2,'2010-03-01 02:35:14',2817,3600,17,490),(3,'2012-02-03 14:41:06',3003,3600,94,748),(4,'2016-09-06 10:42:42',2478,3600,609,337),(5,'2013-03-30 03:37:41',2983,3600,136,780),(6,'1987-10-26 09:08:45',598,3600,169,698),(7,'2017-06-13 21:59:34',585,3600,67,216),(8,'2005-11-23 08:11:43',2970,3600,394,888),(9,'2012-06-11 19:20:30',3472,3600,782,849),(10,'2011-09-11 10:21:47',1777,3600,783,777),(11,'1986-08-28 09:50:32',3547,3600,173,732),(12,'2014-07-23 03:19:07',2787,3600,669,900),(13,'1985-11-13 10:54:33',2296,3600,795,478),(14,'1988-01-17 10:12:45',2041,3600,249,817),(15,'1997-06-05 17:58:28',2793,3600,75,926),(16,'1991-11-16 03:05:04',931,3600,829,682),(17,'1985-02-26 08:52:39',2109,3600,401,318),(18,'2007-02-26 01:44:17',679,3600,106,709),(19,'1996-03-12 21:26:50',1209,3600,67,637),(20,'2010-11-16 12:58:55',1116,3600,197,128),(21,'1996-08-25 04:19:46',176,3600,718,301),(22,'2007-07-06 11:08:14',416,3600,349,370),(23,'2010-11-06 14:52:21',3384,3600,754,262),(24,'1978-04-28 22:21:42',716,3600,187,548),(25,'2012-03-20 06:22:51',417,3600,327,853),(26,'2002-06-21 07:00:32',2230,3600,299,323),(27,'1983-09-02 16:42:45',496,3600,886,643),(28,'2006-02-17 23:33:43',3110,3600,381,171),(29,'1987-05-24 05:29:29',3404,3600,314,362),(30,'1984-08-14 13:57:49',3141,3600,8,400),(31,'2019-08-25 03:34:54',1839,3600,169,921),(32,'2007-09-03 14:32:43',292,3600,566,930),(33,'1977-05-07 12:37:07',2719,3600,945,403),(34,'1996-08-03 17:04:50',970,3600,77,361),(35,'2010-03-18 04:32:26',104,3600,194,846),(36,'1998-02-20 09:27:34',3578,3600,317,471),(37,'1976-01-28 13:47:28',2768,3600,840,749),(38,'1984-10-10 18:40:09',1918,3600,910,210),(39,'1980-02-01 23:20:30',544,3600,879,91),(40,'2020-09-04 06:15:16',2567,3600,619,271),(41,'2001-10-20 06:30:30',795,3600,206,713),(42,'2009-02-07 20:04:29',2792,3600,161,120),(43,'2016-08-25 00:39:27',2203,3600,516,629),(44,'2007-03-30 20:28:11',2642,3600,417,318),(45,'1974-06-27 03:13:33',1029,3600,110,315),(46,'1993-08-07 11:48:38',1722,3600,608,750),(47,'2017-03-22 02:24:06',2235,3600,12,92),(48,'1991-04-08 04:17:18',1585,3600,28,965),(49,'2005-01-09 19:38:03',3292,3600,910,370),(50,'2002-03-10 11:46:19',3166,3600,913,444),(51,'1986-01-29 07:16:31',843,3600,987,578),(52,'1983-10-09 09:52:45',2942,3600,253,370),(53,'1979-10-14 21:58:40',3519,3600,404,94),(54,'1981-01-24 04:00:03',1037,3600,240,543),(55,'1988-02-29 22:40:31',3521,3600,663,871),(56,'1973-10-03 03:16:49',1378,3600,771,18),(57,'2003-06-03 00:03:27',1755,3600,994,413),(58,'1986-06-19 03:21:37',594,3600,205,251),(59,'2016-05-22 06:07:14',3030,3600,417,348),(60,'1990-05-06 21:02:43',54,3600,293,688),(61,'2014-03-23 10:47:17',2438,3600,198,430),(62,'1983-11-29 07:17:19',2487,3600,967,31),(63,'1999-01-12 14:31:26',2844,3600,653,661),(64,'2012-04-01 12:51:07',251,3600,330,183),(65,'2011-03-08 02:47:51',63,3600,139,754),(66,'1990-06-11 05:00:29',2565,3600,168,881),(67,'1987-06-09 06:01:06',600,3600,818,723),(68,'1985-06-14 04:14:52',782,3600,748,446),(69,'1976-01-20 13:46:06',3184,3600,336,284),(70,'1986-08-20 07:26:45',3136,3600,680,369),(71,'1988-10-23 22:15:49',1417,3600,299,826),(72,'1971-01-28 15:15:15',3417,3600,659,617),(73,'1989-01-27 14:14:53',1039,3600,456,103),(74,'2013-06-16 22:50:29',3003,3600,169,306),(75,'1992-03-10 19:59:06',373,3600,42,20),(76,'1990-01-08 09:26:07',988,3600,731,815),(77,'2005-07-28 01:33:40',1731,3600,11,711),(78,'1986-11-27 21:53:30',3562,3600,175,515),(79,'1984-10-22 14:17:24',2475,3600,945,642),(80,'1988-04-05 22:15:46',1136,3600,478,904),(81,'2016-03-04 17:53:00',2641,3600,656,326),(82,'2008-07-15 18:54:50',2487,3600,426,482),(83,'2004-03-24 07:11:16',649,3600,797,338),(84,'1996-08-30 13:59:25',1474,3600,499,724),(85,'2012-12-21 00:13:17',526,3600,326,1000),(86,'2013-09-16 15:20:58',1264,3600,116,539),(87,'2014-09-07 14:37:34',772,3600,245,108),(88,'1982-12-02 19:35:14',1609,3600,218,855),(89,'1997-09-23 00:27:11',1222,3600,313,679),(90,'1970-12-03 05:25:03',3196,3600,877,185),(91,'1971-09-20 06:24:35',223,3600,391,16),(92,'1988-08-08 10:19:39',393,3600,130,200),(93,'2013-02-06 11:41:48',2899,3600,231,668),(94,'2015-10-14 14:41:27',1851,3600,594,371),(95,'1984-04-17 16:47:07',747,3600,523,525),(96,'1985-03-11 17:09:04',1758,3600,899,614),(97,'1989-05-16 21:52:28',3283,3600,150,559),(98,'1978-07-20 02:53:49',1754,3600,104,825),(99,'2020-11-23 04:43:55',1244,3600,824,452),(100,'1975-11-10 18:50:38',341,3600,718,995);
/*!40000 ALTER TABLE `stat_3g` ENABLE KEYS */;
UNLOCK TABLES;


LOCK TABLES `stat_4g` WRITE;
/*!40000 ALTER TABLE `stat_4g` DISABLE KEYS */;
INSERT INTO `stat_4g`(cell_id,	stime,	available_time,	time_in_period, ul_traf, dl_traf) VALUES (1,'2018-02-06 23:35:48',2145,3600,190,473),(2,'2008-01-22 10:06:16',296,3600,754,621),(3,'1994-11-28 05:12:56',1450,3600,521,362),(4,'1972-10-02 09:52:24',97,3600,114,592),(5,'2013-09-15 12:12:55',3347,3600,273,434),(6,'1997-02-14 00:02:47',1274,3600,513,341),(7,'1995-09-26 04:19:21',350,3600,330,960),(8,'1998-01-22 12:30:07',1667,3600,957,332),(9,'1987-08-12 22:19:12',1066,3600,647,829),(10,'1971-02-18 19:11:03',1003,3600,21,297),(11,'2001-04-01 05:13:20',1668,3600,945,988),(12,'1983-12-16 12:36:50',2052,3600,766,472),(13,'1989-04-21 21:41:08',1837,3600,697,283),(14,'1985-02-13 17:29:56',248,3600,171,633),(15,'2005-01-28 15:35:29',2488,3600,718,798),(16,'1986-05-31 15:57:20',3092,3600,808,175),(17,'2013-07-13 23:03:36',1874,3600,446,737),(18,'1979-05-08 15:35:34',2727,3600,273,18),(19,'1999-01-26 19:41:47',2566,3600,187,100),(20,'1977-09-19 16:10:29',2019,3600,900,974),(21,'1984-01-02 19:34:17',604,3600,714,445),(22,'2020-05-27 02:33:31',2368,3600,694,309),(23,'1998-05-08 13:29:53',366,3600,526,739),(24,'1992-06-29 01:49:17',437,3600,921,988),(25,'2011-08-30 16:59:34',1044,3600,955,198),(26,'1971-04-19 02:32:49',2380,3600,835,804),(27,'1999-03-15 18:05:37',1653,3600,842,983),(28,'1972-09-22 14:09:25',1577,3600,150,439),(29,'1972-09-18 19:51:30',1643,3600,903,533),(30,'1978-10-12 18:25:19',3362,3600,564,166),(31,'1981-03-26 01:37:53',3094,3600,631,79),(32,'1976-10-13 04:24:28',2113,3600,769,23),(33,'2000-11-11 08:01:44',1350,3600,207,671),(34,'1978-01-29 10:47:27',2381,3600,521,970),(35,'1975-05-11 22:14:33',1654,3600,474,906),(36,'1981-06-13 20:19:57',2367,3600,904,606),(37,'1995-03-06 02:11:06',1891,3600,923,643),(38,'2018-06-09 10:06:53',1402,3600,982,267),(39,'2005-06-02 11:01:12',3195,3600,618,368),(40,'1983-01-10 10:57:13',2179,3600,968,417),(41,'1992-02-24 02:04:23',313,3600,618,153),(42,'1985-05-23 18:54:06',3485,3600,481,818),(43,'2009-02-02 14:49:41',3046,3600,6,284),(44,'1974-03-21 17:23:37',2895,3600,774,203),(45,'2003-03-31 02:47:13',1885,3600,286,644),(46,'1985-05-19 12:27:43',3390,3600,18,839),(47,'1979-08-10 00:48:28',1409,3600,786,800),(48,'1981-09-08 15:15:19',1108,3600,84,304),(49,'2006-05-07 01:18:35',436,3600,437,269),(50,'2008-04-20 09:03:04',2921,3600,123,838),(51,'1972-02-20 11:20:05',1263,3600,81,611),(52,'2001-05-30 09:05:18',1275,3600,268,482),(53,'2000-11-29 21:08:28',5,3600,135,111),(54,'1999-11-23 06:55:22',2069,3600,778,647),(55,'2008-09-13 13:36:36',2275,3600,221,625),(56,'1982-08-02 00:54:21',3424,3600,263,264),(57,'1980-05-20 04:44:14',505,3600,63,48),(58,'1992-11-22 17:22:09',2505,3600,10,739),(59,'1983-10-12 07:17:08',1811,3600,692,837),(60,'1995-09-18 12:42:25',2494,3600,497,428),(61,'1973-08-04 14:35:02',124,3600,608,333),(62,'2007-02-12 17:47:52',1834,3600,475,44),(63,'2000-05-08 01:56:30',968,3600,720,462),(64,'1981-07-21 18:17:00',3103,3600,869,974),(65,'2006-04-29 18:01:35',609,3600,884,585),(66,'1998-10-08 00:58:51',2875,3600,415,617),(67,'1972-01-27 20:43:05',118,3600,312,115),(68,'2012-06-27 18:28:57',696,3600,776,458),(69,'1979-09-19 07:53:55',260,3600,980,181),(70,'1972-12-23 03:52:18',3330,3600,669,340),(71,'1982-07-15 19:15:08',17,3600,483,630),(72,'1981-02-14 15:08:55',1662,3600,66,485),(73,'1988-01-29 13:27:12',1427,3600,686,916),(74,'1997-01-30 13:47:23',909,3600,980,588),(75,'2006-06-01 03:38:30',514,3600,780,120),(76,'2012-02-26 16:49:46',1700,3600,603,233),(77,'1999-01-04 01:49:45',2022,3600,247,368),(78,'2012-06-17 01:23:36',2465,3600,157,434),(79,'1998-12-02 02:21:53',25,3600,261,107),(80,'1986-10-30 16:55:28',1032,3600,530,161),(81,'2019-06-08 11:34:54',2199,3600,308,129),(82,'1976-09-24 23:12:23',2968,3600,103,51),(83,'1986-09-10 23:19:06',2239,3600,109,154),(84,'1982-08-05 23:07:57',628,3600,302,583),(85,'1974-01-08 13:42:26',1136,3600,445,163),(86,'1984-12-10 08:53:20',707,3600,715,712),(87,'1980-10-28 02:33:00',185,3600,156,608),(88,'2006-06-03 12:45:26',492,3600,203,143),(89,'2012-10-25 05:07:33',530,3600,124,357),(90,'1990-08-30 18:39:02',2962,3600,745,866),(91,'1989-01-12 02:41:09',893,3600,228,443),(92,'1978-04-14 16:55:58',1492,3600,224,722),(93,'1991-07-30 06:51:41',2975,3600,859,750),(94,'2005-09-30 16:54:30',2351,3600,782,259),(95,'2008-07-21 15:41:40',656,3600,922,942),(96,'1981-04-07 04:11:54',134,3600,226,174),(97,'1970-12-20 04:01:40',819,3600,804,820),(98,'1998-05-24 21:23:30',2025,3600,930,357),(99,'1995-04-25 04:02:55',729,3600,568,900),(100,'2005-02-06 17:13:33',1564,3600,3,999);
/*!40000 ALTER TABLE `stat_4g` ENABLE KEYS */;
UNLOCK TABLES;


LOCK TABLES `stat_other` WRITE;
/*!40000 ALTER TABLE `stat_other` DISABLE KEYS */;
INSERT INTO `stat_other`(cell_id,	stime,	available_time,	time_in_period, ul_traf, dl_traf) VALUES (1,'1976-01-30 22:31:52',305,3600,759,733),(2,'2010-09-07 10:20:46',3483,3600,377,987),(3,'2016-11-27 09:55:02',3035,3600,560,181),(4,'2006-08-27 06:51:13',2812,3600,864,585),(5,'2020-04-04 00:34:16',469,3600,353,293),(6,'1979-07-23 01:05:48',872,3600,828,645),(7,'1988-12-23 01:22:54',1773,3600,756,659),(8,'2002-01-11 08:21:30',2189,3600,138,414),(9,'2021-01-08 13:16:08',754,3600,854,504),(10,'1995-12-19 11:12:24',1628,3600,316,229),(11,'1996-01-22 23:42:51',2773,3600,894,207),(12,'1993-04-17 17:43:03',1474,3600,337,638),(13,'1971-10-03 05:51:02',2403,3600,854,140),(14,'1996-09-15 15:55:19',3570,3600,254,605),(15,'2017-02-08 02:19:58',2352,3600,745,334),(16,'1985-07-22 11:52:08',480,3600,655,227),(17,'1983-01-24 10:16:00',2688,3600,919,364),(18,'2014-02-05 19:22:26',1452,3600,623,427),(19,'2008-06-22 00:05:11',3519,3600,918,351),(20,'2006-07-27 20:56:55',723,3600,548,221),(21,'2004-07-04 08:10:58',2288,3600,345,262),(22,'2017-10-04 02:23:27',2347,3600,646,994),(23,'2014-11-26 14:32:37',1321,3600,90,783),(24,'2014-12-08 06:41:07',915,3600,594,99),(25,'1970-08-02 23:48:00',1239,3600,167,990),(26,'1998-08-02 17:40:42',3565,3600,511,146),(27,'1974-02-21 21:51:44',14,3600,963,463),(28,'1975-09-09 04:49:19',1712,3600,556,327),(29,'1985-02-07 23:41:45',1848,3600,59,800),(30,'1988-12-14 17:30:25',3197,3600,966,896),(31,'2018-11-06 05:42:26',1544,3600,193,299),(32,'1972-01-05 18:15:56',1291,3600,916,462),(33,'1998-03-11 00:10:26',2087,3600,584,262),(34,'2003-07-13 23:37:43',1263,3600,652,970),(35,'1996-03-26 03:33:33',131,3600,129,975),(36,'2009-02-06 22:58:16',3426,3600,109,346),(37,'1992-04-22 15:05:37',2139,3600,740,917),(38,'2011-01-06 02:17:04',381,3600,269,45),(39,'1988-05-25 12:37:41',2310,3600,63,308),(40,'1990-02-28 02:06:22',1074,3600,689,371),(41,'2005-03-19 22:44:51',1354,3600,511,518),(42,'1984-09-06 15:29:20',2257,3600,179,922),(43,'1976-11-20 23:10:56',1631,3600,738,843),(44,'1972-02-14 04:25:40',806,3600,354,951),(45,'2001-01-02 13:02:32',1273,3600,581,892),(46,'2015-09-23 21:47:23',3135,3600,909,968),(47,'2000-10-08 07:00:45',3584,3600,595,292),(48,'2012-02-17 05:12:33',1248,3600,443,430),(49,'1994-12-05 03:13:51',1546,3600,870,341),(50,'2016-12-06 11:43:13',3271,3600,544,428),(51,'2008-09-26 21:45:55',3536,3600,865,657),(52,'2020-08-07 18:54:45',3005,3600,724,361),(53,'2007-09-18 23:00:27',1110,3600,252,114),(54,'1996-06-10 19:59:45',2022,3600,797,85),(55,'2016-01-08 21:29:48',642,3600,550,580),(56,'1996-12-02 06:42:21',1225,3600,611,295),(57,'1976-01-31 18:16:43',2887,3600,332,988),(58,'1998-05-30 05:05:38',1260,3600,379,722),(59,'1985-12-02 05:58:22',32,3600,560,203),(60,'2014-01-06 21:51:47',1307,3600,182,41),(61,'1992-08-12 09:03:51',2775,3600,669,712),(62,'2002-10-07 21:07:46',679,3600,346,865),(63,'1996-03-16 16:52:58',1120,3600,600,272),(64,'1979-07-10 23:00:52',967,3600,146,416),(65,'1987-05-17 16:22:23',2099,3600,745,62),(66,'1983-05-30 16:41:24',250,3600,555,936),(67,'2016-08-30 23:59:52',2923,3600,447,389),(68,'1975-07-26 19:16:50',558,3600,643,898),(69,'1971-09-04 17:57:06',1214,3600,749,404),(70,'1996-07-30 06:18:37',1916,3600,50,249),(71,'1983-11-06 12:44:47',2903,3600,367,703),(72,'2015-03-11 22:42:59',1902,3600,866,232),(73,'1977-08-28 00:37:50',525,3600,479,940),(74,'1971-07-17 16:43:46',1118,3600,328,634),(75,'2004-03-08 14:41:21',765,3600,873,474),(76,'1990-07-01 07:37:10',1243,3600,509,43),(77,'2020-11-05 23:29:31',686,3600,608,631),(78,'2005-01-08 07:05:51',559,3600,927,810),(79,'1983-03-06 14:06:41',1538,3600,869,654),(80,'2018-08-09 18:27:52',623,3600,803,317),(81,'2017-04-03 00:21:58',2062,3600,136,111),(82,'1989-05-22 20:46:22',3192,3600,244,167),(83,'1988-08-29 08:49:39',2291,3600,136,447),(84,'1985-08-30 03:01:58',1844,3600,938,278),(85,'2008-11-24 03:06:28',2736,3600,386,45),(86,'2001-05-25 16:56:35',2493,3600,461,930),(87,'1998-09-29 18:13:01',2037,3600,638,404),(88,'1971-08-02 21:38:23',1238,3600,722,302),(89,'1994-01-12 23:14:05',1550,3600,631,271),(90,'1988-12-07 23:39:47',1821,3600,155,277),(91,'1978-11-30 08:52:17',573,3600,698,384),(92,'2002-10-26 02:20:02',3224,3600,341,495),(93,'2007-10-21 05:44:15',1302,3600,17,756),(94,'1992-09-06 17:19:19',75,3600,774,675),(95,'2015-08-22 10:08:42',128,3600,51,906),(96,'1989-05-12 00:31:14',2717,3600,453,243),(97,'2006-03-25 00:40:59',1519,3600,416,953),(98,'2008-06-13 20:06:46',1207,3600,230,278),(99,'1990-05-28 02:05:15',2778,3600,6,752),(100,'1970-10-26 08:28:44',1828,3600,366,697);
/*!40000 ALTER TABLE `stat_other` ENABLE KEYS */;
UNLOCK TABLES;
/*!40103 SET TIME_ZONE=@OLD_TIME_ZONE */;

/*!40101 SET SQL_MODE=@OLD_SQL_MODE */;
/*!40014 SET FOREIGN_KEY_CHECKS=@OLD_FOREIGN_KEY_CHECKS */;
/*!40014 SET UNIQUE_CHECKS=@OLD_UNIQUE_CHECKS */;
/*!40101 SET CHARACTER_SET_CLIENT=@OLD_CHARACTER_SET_CLIENT */;
/*!40101 SET CHARACTER_SET_RESULTS=@OLD_CHARACTER_SET_RESULTS */;
/*!40101 SET COLLATION_CONNECTION=@OLD_COLLATION_CONNECTION */;
/*!40111 SET SQL_NOTES=@OLD_SQL_NOTES */;

-- Dump completed on 2021-01-17 19:33:45
